<?xml version="1.0" encoding="UTF-8"?>
<metadata xml:lang="en"><Esri><CreaDate>20180317</CreaDate><CreaTime>20020500</CreaTime><ArcGISFormat>1.0</ArcGISFormat><SyncOnce>TRUE</SyncOnce><DataProperties><itemProps><itemLocation><linkage Sync="TRUE">file://\\ML-IT301\C$\Users\jef41.WIN\Desktop\HPLL\forEddy\sets_deep_early.csv</linkage><protocol Sync="TRUE">Local Area Network</protocol></itemLocation></itemProps><copyHistory><copy source="C:\Users\jef41.WIN\Desktop\HPLL\Data\sets_deep_early.csv" dest="\\ML-IT301\C$\Users\jef41.WIN\Desktop\HPLL\forEddy\sets_deep_early.csv" date="20180317" time="20020500"></copy></copyHistory></DataProperties></Esri></metadata>
